data_venda,valor_venda_dia,dia_semana_pt
2023-01-01,4207939.25,Domingo
2023-01-02,5102799.8,Segunda-feira
2023-01-03,8299127.05,Terça-feira
2023-01-04,4707759.4,Quarta-feira
2023-01-05,5525706.9,Quinta-feira
2023-01-06,753497.95,Sexta-feira
2023-01-07,2690231.3,Sábado
2023-01-08,4225069.85,Domingo
2023-01-09,3177720.5,Segunda-feira
2023-01-10,2653999.4,Terça-feira
2023-01-11,4379881.9,Quarta-feira
2023-01-12,1978098.65,Quinta-feira
2023-01-13,4429642.8,Sexta-feira
2023-01-14,4498763.45,Sábado
2023-01-15,0.0,Domingo
2023-01-16,3067897.3000000003,Segunda-feira
2023-01-17,3855976.85,Terça-feira
2023-01-18,2277419.3000000003,Quarta-feira
2023-01-19,1399536.9,Quinta-feira
2023-01-20,4403419.55,Sexta-feira
2023-01-21,4051755.5,Sábado
2023-01-22,2252508.05,Domingo
2023-01-23,2550960.45,Segunda-feira
2023-01-24,3926897.45,Terça-feira
2023-01-25,3633403.7,Quarta-feira
2023-01-26,3947603.6500000004,Quinta-feira
2023-01-27,630180.85,Sexta-feira
2023-01-28,2605040.5,Sábado
2023-01-29,2327479.85,Domingo
2023-01-30,4050545.3,Segunda-feira
2023-01-31,5203712.65,Terça-feira
2023-02-01,3817245.3,Quarta-feira
2023-02-02,2700459.65,Quinta-feira
2023-02-03,6903934.45,Sexta-feira
2023-02-04,1685962.25,Sábado
2023-02-05,4100835.4,Domingo
2023-02-06,4055638.4,Segunda-feira
2023-02-07,2820811.75,Terça-feira
2023-02-08,6213867.65,Quarta-feira
2023-02-09,1646118.65,Quinta-feira
2023-02-10,1806466.7000000002,Sexta-feira
2023-02-11,4928197.25,Sábado
2023-02-12,2312826.6999999997,Domingo
2023-02-13,2714664.55,Segunda-feira
2023-02-14,974539.65,Terça-feira
2023-02-15,4133218.2,Quarta-feira
2023-02-16,1607836.65,Quinta-feira
2023-02-17,2811571.2,Sexta-feira
2023-02-18,5681597.0,Sábado
2023-02-19,2806550.8,Domingo
2023-02-20,3957261.5,Segunda-feira
2023-02-21,3758466.4000000004,Terça-feira
2023-02-22,3361637.05,Quarta-feira
2023-02-23,6165915.399999999,Quinta-feira
2023-02-24,2054531.35,Sexta-feira
2023-02-25,5116432.45,Sábado
2023-02-26,2666294.8000000003,Domingo
2023-02-27,4056710.3,Segunda-feira
2023-02-28,6466846.0,Terça-feira
2023-03-01,850834.85,Quarta-feira
2023-03-02,5971504.7,Quinta-feira
2023-03-03,3201207.8,Sexta-feira
2023-03-04,6323619.4,Sábado
2023-03-05,6337127.9,Domingo
2023-03-06,8236542.7,Segunda-feira
2023-03-07,3498916.6999999997,Terça-feira
2023-03-08,7301564.25,Quarta-feira
2023-03-09,1754559.45,Quinta-feira
2023-03-10,3291067.2,Sexta-feira
2023-03-11,3694313.3,Sábado
2023-03-12,809367.95,Domingo
2023-03-13,2033212.8499999999,Segunda-feira
2023-03-14,3330083.5500000003,Terça-feira
2023-03-15,4209720.0,Quarta-feira
2023-03-16,3483165.85,Quinta-feira
2023-03-17,1847377.1,Sexta-feira
2023-03-18,1370839.95,Sábado
2023-03-19,4078219.2,Domingo
2023-03-20,7574411.5,Segunda-feira
2023-03-21,0.0,Terça-feira
2023-03-22,3106017.3,Quarta-feira
2023-03-23,4158441.35,Quinta-feira
2023-03-24,5121982.1,Sexta-feira
2023-03-25,3541835.45,Sábado
2023-03-26,734390.0,Domingo
2023-03-27,2126752.0,Segunda-feira
2023-03-28,2049885.3,Terça-feira
2023-03-29,1752949.15,Quarta-feira
2023-03-30,1600298.55,Quinta-feira
2023-03-31,3487096.85,Sexta-feira
2023-04-01,4714960.35,Sábado
2023-04-02,4457981.4,Domingo
2023-04-03,1949509.45,Segunda-feira
2023-04-04,2805505.75,Terça-feira
2023-04-05,814174.8,Quarta-feira
2023-04-06,4368397.3,Quinta-feira
2023-04-07,4348388.6,Sexta-feira
2023-04-08,4487152.2,Sábado
2023-04-09,5597465.6,Domingo
2023-04-10,3493015.2,Segunda-feira
2023-04-11,3173951.15,Terça-feira
2023-04-12,3730479.05,Quarta-feira
2023-04-13,2721450.3,Quinta-feira
2023-04-14,2028048.3,Sexta-feira
2023-04-15,3157399.25,Sábado
2023-04-16,2564022.15,Domingo
2023-04-17,3138445.3,Segunda-feira
2023-04-18,4214111.5,Terça-feira
2023-04-19,2743485.4,Quarta-feira
2023-04-20,2810338.65,Quinta-feira
2023-04-21,10772077.7,Sexta-feira
2023-04-22,1153448.45,Sábado
2023-04-23,2869412.45,Domingo
2023-04-24,2888741.8,Segunda-feira
2023-04-25,4636008.65,Terça-feira
2023-04-26,3617445.1,Quarta-feira
2023-04-27,1417386.95,Quinta-feira
2023-04-28,4575592.1,Sexta-feira
2023-04-29,2856472.65,Sábado
2023-04-30,4429134.050000001,Domingo
2023-05-01,4117525.9,Segunda-feira
2023-05-02,2823888.25,Terça-feira
2023-05-03,1348797.7,Quarta-feira
2023-05-04,2857895.35,Quinta-feira
2023-05-05,5143033.0,Sexta-feira
2023-05-06,2897835.55,Sábado
2023-05-07,2500147.5,Domingo
2023-05-08,2710274.2,Segunda-feira
2023-05-09,2276253.25,Terça-feira
2023-05-10,3631500.05,Quarta-feira
2023-05-11,4186339.35,Quinta-feira
2023-05-12,4265557.15,Sexta-feira
2023-05-13,3622983.35,Sábado
2023-05-14,3809004.25,Domingo
2023-05-15,2372798.8,Segunda-feira
2023-05-16,4127845.1500000004,Terça-feira
2023-05-17,4083049.5,Quarta-feira
2023-05-18,6022908.9,Quinta-feira
2023-05-19,3014737.35,Sexta-feira
2023-05-20,5313652.1,Sábado
2023-05-21,6414955.9,Domingo
2023-05-22,4012190.65,Segunda-feira
2023-05-23,3239783.95,Terça-feira
2023-05-24,3148638.5,Quarta-feira
2023-05-25,2420366.6,Quinta-feira
2023-05-26,2701211.15,Sexta-feira
2023-05-27,4667732.4,Sábado
2023-05-28,2186042.7,Domingo
2023-05-29,1453129.1500000001,Segunda-feira
2023-05-30,2803474.15,Terça-feira
2023-05-31,4686718.25,Quarta-feira
2023-06-01,1604697.85,Quinta-feira
2023-06-02,2815477.25,Sexta-feira
2023-06-03,3886741.0,Sábado
2023-06-04,4187352.85,Domingo
2023-06-05,3092687.05,Segunda-feira
2023-06-06,4419329.649999999,Terça-feira
2023-06-07,4776139.05,Quarta-feira
2023-06-08,887255.0,Quinta-feira
2023-06-09,3086230.9000000004,Sexta-feira
2023-06-10,2583515.2,Sábado
2023-06-11,2126106.9499999997,Domingo
2023-06-12,6584346.3,Segunda-feira
2023-06-13,5280263.1,Terça-feira
2023-06-14,902137.2,Quarta-feira
2023-06-15,4452322.15,Quinta-feira
2023-06-16,3755095.9,Sexta-feira
2023-06-17,5111602.2,Sábado
2023-06-18,2210430.15,Domingo
2023-06-19,1788836.55,Segunda-feira
2023-06-20,5884105.2,Terça-feira
2023-06-21,2275514.05,Quarta-feira
2023-06-22,2184675.6,Quinta-feira
2023-06-23,1477652.35,Sexta-feira
2023-06-24,3198927.85,Sábado
2023-06-25,1384784.6,Domingo
2023-06-26,1827133.85,Segunda-feira
2023-06-27,1306906.65,Terça-feira
2023-06-28,6326216.35,Quarta-feira
2023-06-29,3009629.9,Quinta-feira
2023-06-30,5784280.8,Sexta-feira
2023-07-01,3818949.65,Sábado
2023-07-02,1047698.8999999999,Domingo
2023-07-03,4937747.6,Segunda-feira
2023-07-04,1783707.75,Terça-feira
2023-07-05,2362672.5,Quarta-feira
2023-07-06,3702789.9,Quinta-feira
2023-07-07,2766079.65,Sexta-feira
2023-07-08,1241912.2000000002,Sábado
2023-07-09,2687077.2,Domingo
2023-07-10,3424965.3,Segunda-feira
2023-07-11,4316995.65,Terça-feira
2023-07-12,3494909.0,Quarta-feira
2023-07-13,1684814.7,Quinta-feira
2023-07-14,2424866.8000000003,Sexta-feira
2023-07-15,4044608.85,Sábado
2023-07-16,5086366.25,Domingo
2023-07-17,3409674.75,Segunda-feira
2023-07-18,4020662.5,Terça-feira
2023-07-19,1460826.2,Quarta-feira
2023-07-20,4793850.85,Quinta-feira
2023-07-21,2013656.25,Sexta-feira
2023-07-22,3589205.45,Sábado
2023-07-23,1514485.05,Domingo
2023-07-24,4683209.2,Segunda-feira
2023-07-25,2467203.0,Terça-feira
2023-07-26,2263855.2,Quarta-feira
2023-07-27,2192069.35,Quinta-feira
2023-07-28,3862167.45,Sexta-feira
2023-07-29,5286888.850000001,Sábado
2023-07-30,0.0,Domingo
2023-07-31,3409761.85,Segunda-feira
2023-08-01,2160972.1,Terça-feira
2023-08-02,4951366.65,Quarta-feira
2023-08-03,5427472.7,Quinta-feira
2023-08-04,3987636.85,Sexta-feira
2023-08-05,1797439.2,Sábado
2023-08-06,1811928.1,Domingo
2023-08-07,6576510.2,Segunda-feira
2023-08-08,3477370.95,Terça-feira
2023-08-09,3651116.75,Quarta-feira
2023-08-10,2969850.1,Quinta-feira
2023-08-11,3875387.95,Sexta-feira
2023-08-12,2016372.1,Sábado
2023-08-13,3384654.15,Domingo
2023-08-14,0.0,Segunda-feira
2023-08-15,5520317.6,Terça-feira
2023-08-16,5541274.5,Quarta-feira
2023-08-17,3277424.9,Quinta-feira
2023-08-18,1970837.3,Sexta-feira
2023-08-19,2178434.1,Sábado
2023-08-20,4558903.7,Domingo
2023-08-21,4176210.75,Segunda-feira
2023-08-22,2006114.65,Terça-feira
2023-08-23,2312902.05,Quarta-feira
2023-08-24,3557200.35,Quinta-feira
2023-08-25,5467408.3,Sexta-feira
2023-08-26,4182868.5,Sábado
2023-08-27,4616244.15,Domingo
2023-08-28,1951145.2,Segunda-feira
2023-08-29,4451897.1,Terça-feira
2023-08-30,2398863.6,Quarta-feira
2023-08-31,5266389.8,Quinta-feira
2023-09-01,3409357.05,Sexta-feira
2023-09-02,3417091.2,Sábado
2023-09-03,4468754.8,Domingo
2023-09-04,11182230.8,Segunda-feira
2023-09-05,4061754.15,Terça-feira
2023-09-06,4929996.3,Quarta-feira
2023-09-07,4556493.05,Quinta-feira
2023-09-08,946744.1,Sexta-feira
2023-09-09,2593675.45,Sábado
2023-09-10,2129832.9,Domingo
2023-09-11,1156918.05,Segunda-feira
2023-09-12,1167778.5,Terça-feira
2023-09-13,5962587.550000001,Quarta-feira
2023-09-14,4655652.6,Quinta-feira
2023-09-15,1348660.05,Sexta-feira
2023-09-16,4559054.85,Sábado
2023-09-17,4725934.9,Domingo
2023-09-18,4108480.25,Segunda-feira
2023-09-19,2484101.2,Terça-feira
2023-09-20,873073.7,Quarta-feira
2023-09-21,2667440.9,Quinta-feira
2023-09-22,2814170.1,Sexta-feira
2023-09-23,4846851.0,Sábado
2023-09-24,2004537.15,Domingo
2023-09-25,2809423.15,Segunda-feira
2023-09-26,1620654.55,Terça-feira
2023-09-27,1639632.65,Quarta-feira
2023-09-28,3294679.1999999997,Quinta-feira
2023-09-29,2569819.05,Sexta-feira
2023-09-30,6831683.65,Sábado
2023-10-01,4878795.3,Domingo
2023-10-02,4644630.95,Segunda-feira
2023-10-03,1528995.4000000001,Terça-feira
2023-10-04,1257783.15,Quarta-feira
2023-10-05,3712049.65,Quinta-feira
2023-10-06,2157927.15,Sexta-feira
2023-10-07,1051729.9000000001,Sábado
2023-10-08,4053309.75,Domingo
2023-10-09,2134014.5,Segunda-feira
2023-10-10,2844613.75,Terça-feira
2023-10-11,1320836.7999999998,Quarta-feira
2023-10-12,7401954.7,Quinta-feira
2023-10-13,3797373.8000000003,Sexta-feira
2023-10-14,4328692.05,Sábado
2023-10-15,3117143.55,Domingo
2023-10-16,1040578.85,Segunda-feira
2023-10-17,4312401.1,Terça-feira
2023-10-18,661458.15,Quarta-feira
2023-10-19,6343210.9,Quinta-feira
2023-10-20,3575681.05,Sexta-feira
2023-10-21,2953250.2,Sábado
2023-10-22,4869562.35,Domingo
2023-10-23,2327742.45,Segunda-feira
2023-10-24,2571926.9,Terça-feira
2023-10-25,1767899.9,Quarta-feira
2023-10-26,3311034.25,Quinta-feira
2023-10-27,3531118.25,Sexta-feira
2023-10-28,3646174.4499999997,Sábado
2023-10-29,3972711.15,Domingo
2023-10-30,4092259.6,Segunda-feira
2023-10-31,5152106.3,Terça-feira
2023-11-01,5511384.65,Quarta-feira
2023-11-02,2393861.0,Quinta-feira
2023-11-03,2669505.2,Sexta-feira
2023-11-04,2298346.6,Sábado
2023-11-05,2582910.85,Domingo
2023-11-06,3283772.55,Segunda-feira
2023-11-07,5047549.35,Terça-feira
2023-11-08,4145245.15,Quarta-feira
2023-11-09,1153043.4,Quinta-feira
2023-11-10,3185093.1,Sexta-feira
2023-11-11,5024438.05,Sábado
2023-11-12,6247562.0,Domingo
2023-11-13,5408007.25,Segunda-feira
2023-11-14,4272057.85,Terça-feira
2023-11-15,4738902.0,Quarta-feira
2023-11-16,3781085.45,Quinta-feira
2023-11-17,7803009.6,Sexta-feira
2023-11-18,2242013.65,Sábado
2023-11-19,1987240.3,Domingo
2023-11-20,1481106.7,Segunda-feira
2023-11-21,4685334.9,Terça-feira
2023-11-22,2325551.6,Quarta-feira
2023-11-23,8492084.9,Quinta-feira
2023-11-24,4028009.25,Sexta-feira
2023-11-25,3078699.3,Sábado
2023-11-26,2670344.7,Domingo
2023-11-27,3001756.7,Segunda-feira
2023-11-28,6298901.0,Terça-feira
2023-11-29,6194369.7,Quarta-feira
2023-11-30,5421563.85,Quinta-feira
2023-12-01,4611433.15,Sexta-feira
2023-12-02,4099182.55,Sábado
2023-12-03,2702505.75,Domingo
2023-12-04,2485329.65,Segunda-feira
2023-12-05,9489075.6,Terça-feira
2023-12-06,5085812.8,Quarta-feira
2023-12-07,3287831.85,Quinta-feira
2023-12-08,1289347.5,Sexta-feira
2023-12-09,4877817.8,Sábado
2023-12-10,4030069.5,Domingo
2023-12-11,2881313.95,Segunda-feira
2023-12-12,6741099.8,Terça-feira
2023-12-13,3614610.45,Quarta-feira
2023-12-14,4985612.100000001,Quinta-feira
2023-12-15,6490812.85,Sexta-feira
2023-12-16,1445389.05,Sábado
2023-12-17,1164599.4,Domingo
2023-12-18,1591836.15,Segunda-feira
2023-12-19,4072542.35,Terça-feira
2023-12-20,6752878.05,Quarta-feira
2023-12-21,3341824.15,Quinta-feira
2023-12-22,5662248.3,Sexta-feira
2023-12-23,6711727.35,Sábado
2023-12-24,2281503.45,Domingo
2023-12-25,10059179.2,Segunda-feira
2023-12-26,3408025.85,Terça-feira
2023-12-27,901854.35,Quarta-feira
2023-12-28,3737927.95,Quinta-feira
2023-12-29,3352796.25,Sexta-feira
2023-12-30,5156539.5,Sábado
2023-12-31,2926613.1,Domingo
2024-01-01,710091.3,Segunda-feira
2024-01-02,1628394.0,Terça-feira
2024-01-03,8251961.8,Quarta-feira
2024-01-04,3898755.5,Quinta-feira
2024-01-05,3628879.15,Sexta-feira
2024-01-06,4956430.65,Sábado
2024-01-07,3948304.35,Domingo
2024-01-08,1473801.45,Segunda-feira
2024-01-09,4773929.8,Terça-feira
2024-01-10,5086850.9,Quarta-feira
2024-01-11,2565654.6,Quinta-feira
2024-01-12,3802217.8,Sexta-feira
2024-01-13,2377482.15,Sábado
2024-01-14,2341769.25,Domingo
2024-01-15,2885098.25,Segunda-feira
2024-01-16,2684386.95,Terça-feira
2024-01-17,1183816.85,Quarta-feira
2024-01-18,3353645.05,Quinta-feira
2024-01-19,809802.15,Sexta-feira
2024-01-20,3729642.85,Sábado
2024-01-21,5495441.850000001,Domingo
2024-01-22,1565794.7,Segunda-feira
2024-01-23,1272742.15,Terça-feira
2024-01-24,5031324.9,Quarta-feira
2024-01-25,4409813.95,Quinta-feira
2024-01-26,2131991.05,Sexta-feira
2024-01-27,1302290.9,Sábado
2024-01-28,3344134.0,Domingo
2024-01-29,5714221.65,Segunda-feira
2024-01-30,4316035.7,Terça-feira
2024-01-31,1957780.85,Quarta-feira
2024-02-01,3279226.85,Quinta-feira
2024-02-02,5271033.05,Sexta-feira
2024-02-03,2490780.95,Sábado
2024-02-04,6960143.45,Domingo
2024-02-05,5874832.7,Segunda-feira
2024-02-06,4928779.8,Terça-feira
2024-02-07,6263651.35,Quarta-feira
2024-02-08,2936949.8,Quinta-feira
2024-02-09,5011342.15,Sexta-feira
2024-02-10,4166306.1,Sábado
2024-02-11,3099310.0999999996,Domingo
2024-02-12,2766276.15,Segunda-feira
2024-02-13,10198765.1,Terça-feira
2024-02-14,3257243.85,Quarta-feira
2024-02-15,3850733.8,Quinta-feira
2024-02-16,613471.75,Sexta-feira
2024-02-17,2174163.4,Sábado
2024-02-18,4331098.8,Domingo
2024-02-19,3790398.4,Segunda-feira
2024-02-20,5870564.15,Terça-feira
2024-02-21,5450084.0,Quarta-feira
2024-02-22,4772438.35,Quinta-feira
2024-02-23,4363642.95,Sexta-feira
2024-02-24,2219573.85,Sábado
2024-02-25,1595884.9500000002,Domingo
2024-02-26,2786025.6,Segunda-feira
2024-02-27,4581803.95,Terça-feira
2024-02-28,2723524.9,Quarta-feira
2024-02-29,7000531.7,Quinta-feira
2024-03-01,4833236.05,Sexta-feira
2024-03-02,1735534.15,Sábado
2024-03-03,1959086.2000000002,Domingo
2024-03-04,4898338.2,Segunda-feira
2024-03-05,3435013.9,Terça-feira
2024-03-06,743078.5,Quarta-feira
2024-03-07,2016354.0,Quinta-feira
2024-03-08,8118108.75,Sexta-feira
2024-03-09,2439950.75,Sábado
2024-03-10,2035866.2000000002,Domingo
2024-03-11,4621913.0,Segunda-feira
2024-03-12,4413363.9,Terça-feira
2024-03-13,1205503.4,Quarta-feira
2024-03-14,2789076.1,Quinta-feira
2024-03-15,4837746.4,Sexta-feira
2024-03-16,3421261.85,Sábado
2024-03-17,2874290.75,Domingo
2024-03-18,2506414.1,Segunda-feira
2024-03-19,5673547.399999999,Terça-feira
2024-03-20,3139028.85,Quarta-feira
2024-03-21,2913340.5,Quinta-feira
2024-03-22,6635085.25,Sexta-feira
2024-03-23,4301854.45,Sábado
2024-03-24,4090659.8,Domingo
2024-03-25,549217.35,Segunda-feira
2024-03-26,3108991.1,Terça-feira
2024-03-27,3917736.25,Quarta-feira
2024-03-28,3228251.85,Quinta-feira
2024-03-29,4880048.4,Sexta-feira
2024-03-30,5783437.45,Sábado
2024-03-31,1747557.5499999998,Domingo
2024-04-01,2728638.75,Segunda-feira
2024-04-02,1917563.5499999998,Terça-feira
2024-04-03,2882681.65,Quarta-feira
2024-04-04,3100484.75,Quinta-feira
2024-04-05,4120006.25,Sexta-feira
2024-04-06,2746083.6,Sábado
2024-04-07,1086995.75,Domingo
2024-04-08,3602293.25,Segunda-feira
2024-04-09,2414718.6,Terça-feira
2024-04-10,5776533.15,Quarta-feira
2024-04-11,3409261.0,Quinta-feira
2024-04-12,756516.4,Sexta-feira
2024-04-13,2736687.95,Sábado
2024-04-14,1837229.4,Domingo
2024-04-15,1724297.4500000002,Segunda-feira
2024-04-16,2507108.1,Terça-feira
2024-04-17,3500379.1999999997,Quarta-feira
2024-04-18,1748498.4,Quinta-feira
2024-04-19,1292849.3,Sexta-feira
2024-04-20,5987397.65,Sábado
2024-04-21,3647967.5,Domingo
2024-04-22,6251664.4,Segunda-feira
2024-04-23,2859764.3,Terça-feira
2024-04-24,5973946.85,Quarta-feira
2024-04-25,1864854.3,Quinta-feira
2024-04-26,3879309.4499999997,Sexta-feira
2024-04-27,2390085.3,Sábado
2024-04-28,8461424.45,Domingo
2024-04-29,3058350.2,Segunda-feira
2024-04-30,6051161.3,Terça-feira
2024-05-01,2983496.25,Quarta-feira
2024-05-02,2469564.25,Quinta-feira
2024-05-03,4429890.2,Sexta-feira
2024-05-04,527906.7,Sábado
2024-05-05,5607888.15,Domingo
2024-05-06,5150500.8,Segunda-feira
2024-05-07,1429532.3,Terça-feira
2024-05-08,2891662.3,Quarta-feira
2024-05-09,4449848.7,Quinta-feira
2024-05-10,2729966.25,Sexta-feira
2024-05-11,5594796.45,Sábado
2024-05-12,4578482.3,Domingo
2024-05-13,2013869.35,Segunda-feira
2024-05-14,0.0,Terça-feira
2024-05-15,1912396.1500000001,Quarta-feira
2024-05-16,3334085.4,Quinta-feira
2024-05-17,4469120.2,Sexta-feira
2024-05-18,3460460.45,Sábado
2024-05-19,1146699.25,Domingo
2024-05-20,216594.15,Segunda-feira
2024-05-21,5243715.1,Terça-feira
2024-05-22,2310004.2,Quarta-feira
2024-05-23,4579634.2,Quinta-feira
2024-05-24,2681360.85,Sexta-feira
2024-05-25,161972.59999999998,Sábado
2024-05-26,2661779.65,Domingo
2024-05-27,2150669.45,Segunda-feira
2024-05-28,3028471.05,Terça-feira
2024-05-29,3955122.25,Quarta-feira
2024-05-30,5174574.75,Quinta-feira
2024-05-31,4439038.75,Sexta-feira
2024-06-01,5106833.15,Sábado
2024-06-02,1664708.0499999998,Domingo
2024-06-03,2772601.6999999997,Segunda-feira
2024-06-04,2233350.65,Terça-feira
2024-06-05,3061990.25,Quarta-feira
2024-06-06,5063344.15,Quinta-feira
2024-06-07,3566731.95,Sexta-feira
2024-06-08,2941058.55,Sábado
2024-06-09,2954160.8,Domingo
2024-06-10,3661824.05,Segunda-feira
2024-06-11,4514488.45,Terça-feira
2024-06-12,2256264.75,Quarta-feira
2024-06-13,3296411.5,Quinta-feira
2024-06-14,2634389.4,Sexta-feira
2024-06-15,1572751.6500000001,Sábado
2024-06-16,2978429.0,Domingo
2024-06-17,4670138.95,Segunda-feira
2024-06-18,2616467.9,Terça-feira
2024-06-19,4181766.3000000003,Quarta-feira
2024-06-20,4055150.1,Quinta-feira
2024-06-21,4583176.0,Sexta-feira
2024-06-22,4021404.6999999997,Sábado
2024-06-23,1020519.9500000001,Domingo
2024-06-24,2811720.8000000003,Segunda-feira
2024-06-25,4318809.75,Terça-feira
2024-06-26,849365.2,Quarta-feira
2024-06-27,6106350.8,Quinta-feira
2024-06-28,4636154.0,Sexta-feira
2024-06-29,1917696.05,Sábado
2024-06-30,3766896.2,Domingo
2024-07-01,4164970.4,Segunda-feira
2024-07-02,2539188.5,Terça-feira
2024-07-03,1919741.0,Quarta-feira
2024-07-04,2726697.2,Quinta-feira
2024-07-05,1673459.5,Sexta-feira
2024-07-06,4386898.8,Sábado
2024-07-07,2429181.55,Domingo
2024-07-08,6795748.0,Segunda-feira
2024-07-09,2252153.7,Terça-feira
2024-07-10,3508229.75,Quarta-feira
2024-07-11,3838189.55,Quinta-feira
2024-07-12,1743042.4,Sexta-feira
2024-07-13,1636842.75,Sábado
2024-07-14,4641713.0,Domingo
2024-07-15,3661514.0,Segunda-feira
2024-07-16,5170226.3,Terça-feira
2024-07-17,3424180.0,Quarta-feira
2024-07-18,1059994.6,Quinta-feira
2024-07-19,6522517.65,Sexta-feira
2024-07-20,1212495.85,Sábado
2024-07-21,3310539.8,Domingo
2024-07-22,7732310.4,Segunda-feira
2024-07-23,4137470.95,Terça-feira
2024-07-24,9661190.9,Quarta-feira
2024-07-25,2879276.4,Quinta-feira
2024-07-26,2038327.1,Sexta-feira
2024-07-27,3034424.65,Sábado
2024-07-28,3724073.35,Domingo
2024-07-29,1915354.75,Segunda-feira
2024-07-30,5863047.75,Terça-feira
2024-07-31,3448087.7,Quarta-feira
2024-08-01,1664057.9,Quinta-feira
2024-08-02,3159244.5,Sexta-feira
2024-08-03,2776954.0,Sábado
2024-08-04,6160822.3,Domingo
2024-08-05,2435866.0,Segunda-feira
2024-08-06,3408670.65,Terça-feira
2024-08-07,4262296.65,Quarta-feira
2024-08-08,5023442.05,Quinta-feira
2024-08-09,6129649.45,Sexta-feira
2024-08-10,2119203.85,Sábado
2024-08-11,5569885.7,Domingo
2024-08-12,2467883.6,Segunda-feira
2024-08-13,3120333.1,Terça-feira
2024-08-14,4144162.3,Quarta-feira
2024-08-15,6685171.6,Quinta-feira
2024-08-16,2935508.8,Sexta-feira
2024-08-17,3773649.95,Sábado
2024-08-18,1766717.55,Domingo
2024-08-19,2435814.5,Segunda-feira
2024-08-20,1023330.5,Terça-feira
2024-08-21,1856305.2,Quarta-feira
2024-08-22,2707566.8000000003,Quinta-feira
2024-08-23,5700089.35,Sexta-feira
2024-08-24,7829149.1,Sábado
2024-08-25,5093600.5,Domingo
2024-08-26,1762676.75,Segunda-feira
2024-08-27,1778971.9,Terça-feira
2024-08-28,3431344.2,Quarta-feira
2024-08-29,6850495.55,Quinta-feira
2024-08-30,4034319.0500000003,Sexta-feira
2024-08-31,6802291.75,Sábado
2024-09-01,1587412.5,Domingo
2024-09-02,1630934.7,Segunda-feira
2024-09-03,4443096.25,Terça-feira
2024-09-04,3712959.95,Quarta-feira
2024-09-05,2464030.9,Quinta-feira
2024-09-06,4862017.8,Sexta-feira
2024-09-07,3241333.15,Sábado
2024-09-08,1016876.4,Domingo
2024-09-09,6169817.75,Segunda-feira
2024-09-10,4001907.75,Terça-feira
2024-09-11,2852878.65,Quarta-feira
2024-09-12,3394394.3,Quinta-feira
2024-09-13,5053417.55,Sexta-feira
2024-09-14,4731532.75,Sábado
2024-09-15,828145.9,Domingo
2024-09-16,6560931.35,Segunda-feira
2024-09-17,5080538.05,Terça-feira
2024-09-18,2720722.6,Quarta-feira
2024-09-19,2093775.15,Quinta-feira
2024-09-20,1423614.7,Sexta-feira
2024-09-21,3151457.0,Sábado
2024-09-22,2304595.95,Domingo
2024-09-23,4043938.8000000003,Segunda-feira
2024-09-24,2773279.55,Terça-feira
2024-09-25,4907107.4,Quarta-feira
2024-09-26,5692361.65,Quinta-feira
2024-09-27,7480149.45,Sexta-feira
2024-09-28,3416163.9,Sábado
2024-09-29,3337700.3,Domingo
2024-09-30,3688489.9,Segunda-feira
2024-10-01,4127174.9,Terça-feira
2024-10-02,6096697.1,Quarta-feira
2024-10-03,2728196.0,Quinta-feira
2024-10-04,3146741.5,Sexta-feira
2024-10-05,2556488.85,Sábado
2024-10-06,6212336.1,Domingo
2024-10-07,2103693.45,Segunda-feira
2024-10-08,4897409.3,Terça-feira
2024-10-09,4714855.2,Quarta-feira
2024-10-10,3161090.2,Quinta-feira
2024-10-11,3676200.4,Sexta-feira
2024-10-12,2640949.85,Sábado
2024-10-13,3430772.15,Domingo
2024-10-14,2497980.0,Segunda-feira
2024-10-15,3117179.75,Terça-feira
2024-10-16,3506112.5,Quarta-feira
2024-10-17,3804487.4,Quinta-feira
2024-10-18,8656042.45,Sexta-feira
2024-10-19,4778818.0,Sábado
2024-10-20,2250769.0,Domingo
2024-10-21,6364453.2,Segunda-feira
2024-10-22,2606347.05,Terça-feira
2024-10-23,3054478.2,Quarta-feira
2024-10-24,3517457.5999999996,Quinta-feira
2024-10-25,7495168.45,Sexta-feira
2024-10-26,3883881.75,Sábado
2024-10-27,5046772.05,Domingo
2024-10-28,2769891.25,Segunda-feira
2024-10-29,6082447.4,Terça-feira
2024-10-30,3121990.6999999997,Quarta-feira
2024-10-31,5533024.85,Quinta-feira
2024-11-01,2423559.3,Sexta-feira
2024-11-02,3933202.5999999996,Sábado
2024-11-03,6581564.7,Domingo
2024-11-04,4836006.95,Segunda-feira
2024-11-05,1882573.45,Terça-feira
2024-11-06,3478860.3,Quarta-feira
2024-11-07,3966029.0,Quinta-feira
2024-11-08,2195851.1,Sexta-feira
2024-11-09,7439151.45,Sábado
2024-11-10,3926224.6,Domingo
2024-11-11,3258820.45,Segunda-feira
2024-11-12,2908369.5,Terça-feira
2024-11-13,1990630.85,Quarta-feira
2024-11-14,1046664.6,Quinta-feira
2024-11-15,2934215.3,Sexta-feira
2024-11-16,9941789.0,Sábado
2024-11-17,4718783.5,Domingo
2024-11-18,3861479.15,Segunda-feira
2024-11-19,2609983.05,Terça-feira
2024-11-20,3724694.9000000004,Quarta-feira
2024-11-21,4289289.55,Quinta-feira
2024-11-22,4272763.35,Sexta-feira
2024-11-23,9299655.85,Sábado
2024-11-24,5864373.7,Domingo
2024-11-25,333419.3,Segunda-feira
2024-11-26,2981075.65,Terça-feira
2024-11-27,6436418.3,Quarta-feira
2024-11-28,3018482.0,Quinta-feira
2024-11-29,5317180.5,Sexta-feira
2024-11-30,3991387.4,Sábado
2024-12-01,3710259.25,Domingo
2024-12-02,1265098.3,Segunda-feira
2024-12-03,1409684.9,Terça-feira
2024-12-04,943694.5,Quarta-feira
2024-12-05,2813831.25,Quinta-feira
2024-12-06,3278381.55,Sexta-feira
2024-12-07,5792923.05,Sábado
2024-12-08,2167530.65,Domingo
2024-12-09,0.0,Segunda-feira
2024-12-10,4070729.1,Terça-feira
2024-12-11,2877852.2,Quarta-feira
2024-12-12,2901995.75,Quinta-feira
2024-12-13,2437232.5,Sexta-feira
2024-12-14,5790759.65,Sábado
2024-12-15,3797112.0,Domingo
2024-12-16,3509047.55,Segunda-feira
2024-12-17,3577481.75,Terça-feira
2024-12-18,6386194.7,Quarta-feira
2024-12-19,6956135.05,Quinta-feira
2024-12-20,2737491.65,Sexta-feira
2024-12-21,4542598.85,Sábado
2024-12-22,3112862.1,Domingo
2024-12-23,2786975.5,Segunda-feira
2024-12-24,2458860.2,Terça-feira
2024-12-25,2787268.05,Quarta-feira
2024-12-26,4353080.1,Quinta-feira
2024-12-27,1758550.5,Sexta-feira
2024-12-28,1768323.2,Sábado
2024-12-29,3603783.6,Domingo
2024-12-30,5439200.8,Segunda-feira
2024-12-31,2701956.3000000003,Terça-feira
